RegionName,StateName,date,price
California,CA,X2019.01.31,558168
California,CA,X2019.02.28,556739
California,CA,X2019.03.31,555975
California,CA,X2019.04.30,556826
California,CA,X2019.05.31,559568
California,CA,X2019.06.30,562783
California,CA,X2019.07.31,564420
California,CA,X2019.08.31,564654
California,CA,X2019.09.30,564697
California,CA,X2019.10.31,565296
California,CA,X2019.11.30,566159
California,CA,X2019.12.31,568110
California,CA,X2020.01.31,571017
California,CA,X2020.02.29,574798
California,CA,X2020.03.31,578915
California,CA,X2020.04.30,582467
California,CA,X2020.05.31,584678
California,CA,X2020.06.30,586539
California,CA,X2020.07.31,590351
California,CA,X2020.08.31,596342
California,CA,X2020.09.30,603278
California,CA,X2020.10.31,610138
California,CA,X2020.11.30,617015
California,CA,X2020.12.31,623796
California,CA,X2021.01.31,630371
California,CA,X2021.02.28,637108
California,CA,X2021.03.31,644020
Texas,TX,X2019.01.31,203893
Texas,TX,X2019.02.28,204825
Texas,TX,X2019.03.31,205497
Texas,TX,X2019.04.30,205959
Texas,TX,X2019.05.31,206605
Texas,TX,X2019.06.30,207320
Texas,TX,X2019.07.31,208068
Texas,TX,X2019.08.31,208693
Texas,TX,X2019.09.30,209271
Texas,TX,X2019.10.31,209493
Texas,TX,X2019.11.30,209733
Texas,TX,X2019.12.31,209927
Texas,TX,X2020.01.31,210512
Texas,TX,X2020.02.29,210946
Texas,TX,X2020.03.31,211681
Texas,TX,X2020.04.30,212380
Texas,TX,X2020.05.31,213279
Texas,TX,X2020.06.30,214177
Texas,TX,X2020.07.31,215239
Texas,TX,X2020.08.31,216512
Texas,TX,X2020.09.30,218049
Texas,TX,X2020.10.31,219954
Texas,TX,X2020.11.30,222061
Texas,TX,X2020.12.31,224301
Texas,TX,X2021.01.31,226382
Texas,TX,X2021.02.28,228836
Texas,TX,X2021.03.31,231384
New York,NY,X2019.01.31,317408
New York,NY,X2019.02.28,318404
New York,NY,X2019.03.31,319626
New York,NY,X2019.04.30,320701
New York,NY,X2019.05.31,321920
New York,NY,X2019.06.30,322854
New York,NY,X2019.07.31,323510
New York,NY,X2019.08.31,323829
New York,NY,X2019.09.30,323805
New York,NY,X2019.10.31,323642
New York,NY,X2019.11.30,323602
New York,NY,X2019.12.31,323958
New York,NY,X2020.01.31,324770
New York,NY,X2020.02.29,325783
New York,NY,X2020.03.31,326839
New York,NY,X2020.04.30,328079
New York,NY,X2020.05.31,329243
New York,NY,X2020.06.30,330619
New York,NY,X2020.07.31,332359
New York,NY,X2020.08.31,334534
New York,NY,X2020.09.30,337161
New York,NY,X2020.10.31,340193
New York,NY,X2020.11.30,343397
New York,NY,X2020.12.31,346590
New York,NY,X2021.01.31,349599
New York,NY,X2021.02.28,352706
New York,NY,X2021.03.31,355963
Florida,FL,X2019.01.31,242587
Florida,FL,X2019.02.28,243211
Florida,FL,X2019.03.31,243560
Florida,FL,X2019.04.30,243912
Florida,FL,X2019.05.31,244397
Florida,FL,X2019.06.30,245201
Florida,FL,X2019.07.31,246187
Florida,FL,X2019.08.31,246834
Florida,FL,X2019.09.30,247281
Florida,FL,X2019.10.31,247725
Florida,FL,X2019.11.30,248365
Florida,FL,X2019.12.31,248994
Florida,FL,X2020.01.31,249815
Florida,FL,X2020.02.29,250986
Florida,FL,X2020.03.31,252251
Florida,FL,X2020.04.30,253543
Florida,FL,X2020.05.31,254774
Florida,FL,X2020.06.30,256039
Florida,FL,X2020.07.31,257339
Florida,FL,X2020.08.31,259132
Florida,FL,X2020.09.30,261281
Florida,FL,X2020.10.31,263659
Florida,FL,X2020.11.30,266072
Florida,FL,X2020.12.31,268667
Florida,FL,X2021.01.31,271426
Florida,FL,X2021.02.28,274283
Florida,FL,X2021.03.31,277429
Illinois,IL,X2019.01.31,206196
Illinois,IL,X2019.02.28,206493
Illinois,IL,X2019.03.31,206908
Illinois,IL,X2019.04.30,207428
Illinois,IL,X2019.05.31,208024
Illinois,IL,X2019.06.30,208524
Illinois,IL,X2019.07.31,208834
Illinois,IL,X2019.08.31,208904
Illinois,IL,X2019.09.30,208584
Illinois,IL,X2019.10.31,208218
Illinois,IL,X2019.11.30,207943
Illinois,IL,X2019.12.31,207989
Illinois,IL,X2020.01.31,208521
Illinois,IL,X2020.02.29,208818
Illinois,IL,X2020.03.31,209412
Illinois,IL,X2020.04.30,209727
Illinois,IL,X2020.05.31,210245
Illinois,IL,X2020.06.30,210781
Illinois,IL,X2020.07.31,211687
Illinois,IL,X2020.08.31,212903
Illinois,IL,X2020.09.30,214536
Illinois,IL,X2020.10.31,216334
Illinois,IL,X2020.11.30,218199
Illinois,IL,X2020.12.31,220023
Illinois,IL,X2021.01.31,221633
Illinois,IL,X2021.02.28,223626
Illinois,IL,X2021.03.31,225595
Pennsylvania,PA,X2019.01.31,190149
Pennsylvania,PA,X2019.02.28,190924
Pennsylvania,PA,X2019.03.31,191518
Pennsylvania,PA,X2019.04.30,192083
Pennsylvania,PA,X2019.05.31,192863
Pennsylvania,PA,X2019.06.30,193779
Pennsylvania,PA,X2019.07.31,194606
Pennsylvania,PA,X2019.08.31,195153
Pennsylvania,PA,X2019.09.30,195570
Pennsylvania,PA,X2019.10.31,195973
Pennsylvania,PA,X2019.11.30,196343
Pennsylvania,PA,X2019.12.31,196809
Pennsylvania,PA,X2020.01.31,197356
Pennsylvania,PA,X2020.02.29,198103
Pennsylvania,PA,X2020.03.31,199031
Pennsylvania,PA,X2020.04.30,200133
Pennsylvania,PA,X2020.05.31,201058
Pennsylvania,PA,X2020.06.30,202144
Pennsylvania,PA,X2020.07.31,203465
Pennsylvania,PA,X2020.08.31,205192
Pennsylvania,PA,X2020.09.30,207116
Pennsylvania,PA,X2020.10.31,209224
Pennsylvania,PA,X2020.11.30,211481
Pennsylvania,PA,X2020.12.31,213844
Pennsylvania,PA,X2021.01.31,216253
Pennsylvania,PA,X2021.02.28,218690
Pennsylvania,PA,X2021.03.31,221251
Ohio,OH,X2019.01.31,145778
Ohio,OH,X2019.02.28,146585
Ohio,OH,X2019.03.31,147367
Ohio,OH,X2019.04.30,147927
Ohio,OH,X2019.05.31,148596
Ohio,OH,X2019.06.30,149297
Ohio,OH,X2019.07.31,150087
Ohio,OH,X2019.08.31,150695
Ohio,OH,X2019.09.30,151341
Ohio,OH,X2019.10.31,151895
Ohio,OH,X2019.11.30,152268
Ohio,OH,X2019.12.31,152764
Ohio,OH,X2020.01.31,153443
Ohio,OH,X2020.02.29,154302
Ohio,OH,X2020.03.31,155118
Ohio,OH,X2020.04.30,155994
Ohio,OH,X2020.05.31,156956
Ohio,OH,X2020.06.30,157980
Ohio,OH,X2020.07.31,159070
Ohio,OH,X2020.08.31,160468
Ohio,OH,X2020.09.30,161964
Ohio,OH,X2020.10.31,163646
Ohio,OH,X2020.11.30,165555
Ohio,OH,X2020.12.31,167468
Ohio,OH,X2021.01.31,169371
Ohio,OH,X2021.02.28,171268
Ohio,OH,X2021.03.31,173380
Michigan,MI,X2019.01.31,169610
Michigan,MI,X2019.02.28,170330
Michigan,MI,X2019.03.31,170882
Michigan,MI,X2019.04.30,171542
Michigan,MI,X2019.05.31,172647
Michigan,MI,X2019.06.30,173938
Michigan,MI,X2019.07.31,175049
Michigan,MI,X2019.08.31,175502
Michigan,MI,X2019.09.30,175789
Michigan,MI,X2019.10.31,176015
Michigan,MI,X2019.11.30,176438
Michigan,MI,X2019.12.31,176793
Michigan,MI,X2020.01.31,177522
Michigan,MI,X2020.02.29,178254
Michigan,MI,X2020.03.31,179427
Michigan,MI,X2020.04.30,180570
Michigan,MI,X2020.05.31,181484
Michigan,MI,X2020.06.30,182107
Michigan,MI,X2020.07.31,183047
Michigan,MI,X2020.08.31,184666
Michigan,MI,X2020.09.30,186618
Michigan,MI,X2020.10.31,188726
Michigan,MI,X2020.11.30,190801
Michigan,MI,X2020.12.31,192947
Michigan,MI,X2021.01.31,194925
Michigan,MI,X2021.02.28,197036
Michigan,MI,X2021.03.31,199051
Georgia,GA,X2019.01.31,198324
Georgia,GA,X2019.02.28,199147
Georgia,GA,X2019.03.31,200185
Georgia,GA,X2019.04.30,201209
Georgia,GA,X2019.05.31,202297
Georgia,GA,X2019.06.30,203139
Georgia,GA,X2019.07.31,203972
Georgia,GA,X2019.08.31,204831
Georgia,GA,X2019.09.30,205653
Georgia,GA,X2019.10.31,206345
Georgia,GA,X2019.11.30,206727
Georgia,GA,X2019.12.31,207168
Georgia,GA,X2020.01.31,207827
Georgia,GA,X2020.02.29,208836
Georgia,GA,X2020.03.31,209846
Georgia,GA,X2020.04.30,210866
Georgia,GA,X2020.05.31,211878
Georgia,GA,X2020.06.30,213109
Georgia,GA,X2020.07.31,214459
Georgia,GA,X2020.08.31,215958
Georgia,GA,X2020.09.30,217617
Georgia,GA,X2020.10.31,219545
Georgia,GA,X2020.11.30,221870
Georgia,GA,X2020.12.31,224381
Georgia,GA,X2021.01.31,226926
Georgia,GA,X2021.02.28,229460
Georgia,GA,X2021.03.31,232144
North Carolina,NC,X2019.01.31,199127
North Carolina,NC,X2019.02.28,199962
North Carolina,NC,X2019.03.31,200767
North Carolina,NC,X2019.04.30,201665
North Carolina,NC,X2019.05.31,202556
North Carolina,NC,X2019.06.30,203522
North Carolina,NC,X2019.07.31,204390
North Carolina,NC,X2019.08.31,205243
North Carolina,NC,X2019.09.30,206080
North Carolina,NC,X2019.10.31,206976
North Carolina,NC,X2019.11.30,207871
North Carolina,NC,X2019.12.31,208694
North Carolina,NC,X2020.01.31,209356
North Carolina,NC,X2020.02.29,210181
North Carolina,NC,X2020.03.31,211094
North Carolina,NC,X2020.04.30,212210
North Carolina,NC,X2020.05.31,213388
North Carolina,NC,X2020.06.30,214634
North Carolina,NC,X2020.07.31,216054
North Carolina,NC,X2020.08.31,217672
North Carolina,NC,X2020.09.30,219494
North Carolina,NC,X2020.10.31,221509
North Carolina,NC,X2020.11.30,223672
North Carolina,NC,X2020.12.31,226095
North Carolina,NC,X2021.01.31,228834
North Carolina,NC,X2021.02.28,231770
North Carolina,NC,X2021.03.31,234934
New Jersey,NJ,X2019.01.31,336346
New Jersey,NJ,X2019.02.28,336757
New Jersey,NJ,X2019.03.31,337440
New Jersey,NJ,X2019.04.30,338034
New Jersey,NJ,X2019.05.31,339246
New Jersey,NJ,X2019.06.30,340372
New Jersey,NJ,X2019.07.31,341603
New Jersey,NJ,X2019.08.31,341714
New Jersey,NJ,X2019.09.30,341180
New Jersey,NJ,X2019.10.31,340447
New Jersey,NJ,X2019.11.30,340111
New Jersey,NJ,X2019.12.31,340511
New Jersey,NJ,X2020.01.31,341554
New Jersey,NJ,X2020.02.29,342969
New Jersey,NJ,X2020.03.31,344617
New Jersey,NJ,X2020.04.30,346310
New Jersey,NJ,X2020.05.31,347847
New Jersey,NJ,X2020.06.30,349618
New Jersey,NJ,X2020.07.31,351748
New Jersey,NJ,X2020.08.31,355092
New Jersey,NJ,X2020.09.30,359232
New Jersey,NJ,X2020.10.31,363899
New Jersey,NJ,X2020.11.30,368576
New Jersey,NJ,X2020.12.31,373151
New Jersey,NJ,X2021.01.31,377603
New Jersey,NJ,X2021.02.28,382224
New Jersey,NJ,X2021.03.31,387105
Virginia,VA,X2019.01.31,277426
Virginia,VA,X2019.02.28,278658
Virginia,VA,X2019.03.31,279770
Virginia,VA,X2019.04.30,280855
Virginia,VA,X2019.05.31,281648
Virginia,VA,X2019.06.30,282467
Virginia,VA,X2019.07.31,283309
Virginia,VA,X2019.08.31,284326
Virginia,VA,X2019.09.30,285345
Virginia,VA,X2019.10.31,286324
Virginia,VA,X2019.11.30,286828
Virginia,VA,X2019.12.31,287283
Virginia,VA,X2020.01.31,287771
Virginia,VA,X2020.02.29,288800
Virginia,VA,X2020.03.31,289773
Virginia,VA,X2020.04.30,290973
Virginia,VA,X2020.05.31,292234
Virginia,VA,X2020.06.30,293730
Virginia,VA,X2020.07.31,295387
Virginia,VA,X2020.08.31,297163
Virginia,VA,X2020.09.30,299172
Virginia,VA,X2020.10.31,301377
Virginia,VA,X2020.11.30,304095
Virginia,VA,X2020.12.31,306963
Virginia,VA,X2021.01.31,310012
Virginia,VA,X2021.02.28,312806
Virginia,VA,X2021.03.31,315924
Washington,WA,X2019.01.31,403064
Washington,WA,X2019.02.28,403215
Washington,WA,X2019.03.31,403380
Washington,WA,X2019.04.30,403637
Washington,WA,X2019.05.31,405751
Washington,WA,X2019.06.30,408184
Washington,WA,X2019.07.31,410672
Washington,WA,X2019.08.31,411979
Washington,WA,X2019.09.30,413172
Washington,WA,X2019.10.31,414039
Washington,WA,X2019.11.30,415909
Washington,WA,X2019.12.31,418779
Washington,WA,X2020.01.31,422397
Washington,WA,X2020.02.29,425833
Washington,WA,X2020.03.31,429556
Washington,WA,X2020.04.30,433306
Washington,WA,X2020.05.31,436440
Washington,WA,X2020.06.30,439547
Washington,WA,X2020.07.31,443285
Washington,WA,X2020.08.31,448577
Washington,WA,X2020.09.30,454123
Washington,WA,X2020.10.31,460216
Washington,WA,X2020.11.30,465906
Washington,WA,X2020.12.31,471278
Washington,WA,X2021.01.31,476274
Washington,WA,X2021.02.28,482053
Washington,WA,X2021.03.31,488114
Massachusetts,MA,X2019.01.31,424817
Massachusetts,MA,X2019.02.28,425083
Massachusetts,MA,X2019.03.31,424987
Massachusetts,MA,X2019.04.30,425578
Massachusetts,MA,X2019.05.31,426991
Massachusetts,MA,X2019.06.30,428900
Massachusetts,MA,X2019.07.31,429693
Massachusetts,MA,X2019.08.31,429921
Massachusetts,MA,X2019.09.30,430051
Massachusetts,MA,X2019.10.31,430341
Massachusetts,MA,X2019.11.30,430812
Massachusetts,MA,X2019.12.31,431600
Massachusetts,MA,X2020.01.31,433582
Massachusetts,MA,X2020.02.29,435598
Massachusetts,MA,X2020.03.31,438231
Massachusetts,MA,X2020.04.30,440369
Massachusetts,MA,X2020.05.31,442961
Massachusetts,MA,X2020.06.30,444848
Massachusetts,MA,X2020.07.31,447898
Massachusetts,MA,X2020.08.31,452119
Massachusetts,MA,X2020.09.30,457205
Massachusetts,MA,X2020.10.31,462632
Massachusetts,MA,X2020.11.30,468294
Massachusetts,MA,X2020.12.31,473843
Massachusetts,MA,X2021.01.31,478975
Massachusetts,MA,X2021.02.28,484709
Massachusetts,MA,X2021.03.31,490712
Indiana,IN,X2019.01.31,150430
Indiana,IN,X2019.02.28,151214
Indiana,IN,X2019.03.31,151940
Indiana,IN,X2019.04.30,152481
Indiana,IN,X2019.05.31,153280
Indiana,IN,X2019.06.30,154006
Indiana,IN,X2019.07.31,154738
Indiana,IN,X2019.08.31,155469
Indiana,IN,X2019.09.30,156268
Indiana,IN,X2019.10.31,157081
Indiana,IN,X2019.11.30,157643
Indiana,IN,X2019.12.31,158058
Indiana,IN,X2020.01.31,158586
Indiana,IN,X2020.02.29,159337
Indiana,IN,X2020.03.31,160188
Indiana,IN,X2020.04.30,161070
Indiana,IN,X2020.05.31,161951
Indiana,IN,X2020.06.30,162920
Indiana,IN,X2020.07.31,163952
Indiana,IN,X2020.08.31,165098
Indiana,IN,X2020.09.30,166395
Indiana,IN,X2020.10.31,167864
Indiana,IN,X2020.11.30,169588
Indiana,IN,X2020.12.31,171464
Indiana,IN,X2021.01.31,173315
Indiana,IN,X2021.02.28,175269
Indiana,IN,X2021.03.31,177309
Arizona,AZ,X2019.01.31,254859
Arizona,AZ,X2019.02.28,256043
Arizona,AZ,X2019.03.31,256987
Arizona,AZ,X2019.04.30,257522
Arizona,AZ,X2019.05.31,258565
Arizona,AZ,X2019.06.30,260219
Arizona,AZ,X2019.07.31,262143
Arizona,AZ,X2019.08.31,263848
Arizona,AZ,X2019.09.30,265110
Arizona,AZ,X2019.10.31,266591
Arizona,AZ,X2019.11.30,268049
Arizona,AZ,X2019.12.31,270026
Arizona,AZ,X2020.01.31,271633
Arizona,AZ,X2020.02.29,273766
Arizona,AZ,X2020.03.31,275891
Arizona,AZ,X2020.04.30,279077
Arizona,AZ,X2020.05.31,281564
Arizona,AZ,X2020.06.30,284190
Arizona,AZ,X2020.07.31,286975
Arizona,AZ,X2020.08.31,290549
Arizona,AZ,X2020.09.30,294839
Arizona,AZ,X2020.10.31,299520
Arizona,AZ,X2020.11.30,304735
Arizona,AZ,X2020.12.31,310136
Arizona,AZ,X2021.01.31,316320
Arizona,AZ,X2021.02.28,322498
Arizona,AZ,X2021.03.31,329496
Tennessee,TN,X2019.01.31,180748
Tennessee,TN,X2019.02.28,181544
Tennessee,TN,X2019.03.31,182329
Tennessee,TN,X2019.04.30,183062
Tennessee,TN,X2019.05.31,183920
Tennessee,TN,X2019.06.30,184747
Tennessee,TN,X2019.07.31,185542
Tennessee,TN,X2019.08.31,186406
Tennessee,TN,X2019.09.30,187331
Tennessee,TN,X2019.10.31,188262
Tennessee,TN,X2019.11.30,189108
Tennessee,TN,X2019.12.31,189927
Tennessee,TN,X2020.01.31,190713
Tennessee,TN,X2020.02.29,191805
Tennessee,TN,X2020.03.31,193081
Tennessee,TN,X2020.04.30,194477
Tennessee,TN,X2020.05.31,195787
Tennessee,TN,X2020.06.30,197134
Tennessee,TN,X2020.07.31,198597
Tennessee,TN,X2020.08.31,200144
Tennessee,TN,X2020.09.30,201794
Tennessee,TN,X2020.10.31,203587
Tennessee,TN,X2020.11.30,205655
Tennessee,TN,X2020.12.31,207868
Tennessee,TN,X2021.01.31,210219
Tennessee,TN,X2021.02.28,212447
Tennessee,TN,X2021.03.31,214708
Missouri,MO,X2019.01.31,159834
Missouri,MO,X2019.02.28,160660
Missouri,MO,X2019.03.31,161318
Missouri,MO,X2019.04.30,161859
Missouri,MO,X2019.05.31,162541
Missouri,MO,X2019.06.30,163199
Missouri,MO,X2019.07.31,163724
Missouri,MO,X2019.08.31,163943
Missouri,MO,X2019.09.30,164249
Missouri,MO,X2019.10.31,164608
Missouri,MO,X2019.11.30,165033
Missouri,MO,X2019.12.31,165454
Missouri,MO,X2020.01.31,166084
Missouri,MO,X2020.02.29,166835
Missouri,MO,X2020.03.31,167621
Missouri,MO,X2020.04.30,168337
Missouri,MO,X2020.05.31,169047
Missouri,MO,X2020.06.30,169992
Missouri,MO,X2020.07.31,171150
Missouri,MO,X2020.08.31,172637
Missouri,MO,X2020.09.30,174226
Missouri,MO,X2020.10.31,175909
Missouri,MO,X2020.11.30,177689
Missouri,MO,X2020.12.31,179526
Missouri,MO,X2021.01.31,181298
Missouri,MO,X2021.02.28,183161
Missouri,MO,X2021.03.31,185247
Maryland,MD,X2019.01.31,311602
Maryland,MD,X2019.02.28,312351
Maryland,MD,X2019.03.31,312792
Maryland,MD,X2019.04.30,312900
Maryland,MD,X2019.05.31,313460
Maryland,MD,X2019.06.30,314195
Maryland,MD,X2019.07.31,314496
Maryland,MD,X2019.08.31,314635
Maryland,MD,X2019.09.30,314646
Maryland,MD,X2019.10.31,314806
Maryland,MD,X2019.11.30,314821
Maryland,MD,X2019.12.31,314954
Maryland,MD,X2020.01.31,315780
Maryland,MD,X2020.02.29,316460
Maryland,MD,X2020.03.31,317629
Maryland,MD,X2020.04.30,318456
Maryland,MD,X2020.05.31,319712
Maryland,MD,X2020.06.30,321034
Maryland,MD,X2020.07.31,323069
Maryland,MD,X2020.08.31,325613
Maryland,MD,X2020.09.30,328690
Maryland,MD,X2020.10.31,331964
Maryland,MD,X2020.11.30,335558
Maryland,MD,X2020.12.31,339392
Maryland,MD,X2021.01.31,342964
Maryland,MD,X2021.02.28,347241
Maryland,MD,X2021.03.31,351766
Wisconsin,WI,X2019.01.31,187008
Wisconsin,WI,X2019.02.28,187883
Wisconsin,WI,X2019.03.31,188859
Wisconsin,WI,X2019.04.30,189950
Wisconsin,WI,X2019.05.31,190825
Wisconsin,WI,X2019.06.30,191666
Wisconsin,WI,X2019.07.31,192498
Wisconsin,WI,X2019.08.31,193292
Wisconsin,WI,X2019.09.30,193923
Wisconsin,WI,X2019.10.31,194705
Wisconsin,WI,X2019.11.30,195229
Wisconsin,WI,X2019.12.31,195976
Wisconsin,WI,X2020.01.31,196667
Wisconsin,WI,X2020.02.29,197656
Wisconsin,WI,X2020.03.31,198584
Wisconsin,WI,X2020.04.30,199592
Wisconsin,WI,X2020.05.31,200721
Wisconsin,WI,X2020.06.30,201994
Wisconsin,WI,X2020.07.31,203391
Wisconsin,WI,X2020.08.31,205038
Wisconsin,WI,X2020.09.30,206873
Wisconsin,WI,X2020.10.31,208732
Wisconsin,WI,X2020.11.30,210915
Wisconsin,WI,X2020.12.31,213070
Wisconsin,WI,X2021.01.31,215429
Wisconsin,WI,X2021.02.28,217597
Wisconsin,WI,X2021.03.31,219942
Minnesota,MN,X2019.01.31,253041
Minnesota,MN,X2019.02.28,253950
Minnesota,MN,X2019.03.31,254587
Minnesota,MN,X2019.04.30,255308
Minnesota,MN,X2019.05.31,256277
Minnesota,MN,X2019.06.30,257600
Minnesota,MN,X2019.07.31,258854
Minnesota,MN,X2019.08.31,259711
Minnesota,MN,X2019.09.30,260590
Minnesota,MN,X2019.10.31,261324
Minnesota,MN,X2019.11.30,261996
Minnesota,MN,X2019.12.31,262731
Minnesota,MN,X2020.01.31,263438
Minnesota,MN,X2020.02.29,264494
Minnesota,MN,X2020.03.31,265642
Minnesota,MN,X2020.04.30,266974
Minnesota,MN,X2020.05.31,268158
Minnesota,MN,X2020.06.30,269292
Minnesota,MN,X2020.07.31,270664
Minnesota,MN,X2020.08.31,272445
Minnesota,MN,X2020.09.30,274406
Minnesota,MN,X2020.10.31,276640
Minnesota,MN,X2020.11.30,279121
Minnesota,MN,X2020.12.31,281636
Minnesota,MN,X2021.01.31,284314
Minnesota,MN,X2021.02.28,286911
Minnesota,MN,X2021.03.31,289798
Colorado,CO,X2019.01.31,399660
Colorado,CO,X2019.02.28,400644
Colorado,CO,X2019.03.31,401434
Colorado,CO,X2019.04.30,402196
Colorado,CO,X2019.05.31,402606
Colorado,CO,X2019.06.30,403593
Colorado,CO,X2019.07.31,404698
Colorado,CO,X2019.08.31,405805
Colorado,CO,X2019.09.30,406770
Colorado,CO,X2019.10.31,407347
Colorado,CO,X2019.11.30,407873
Colorado,CO,X2019.12.31,408932
Colorado,CO,X2020.01.31,410768
Colorado,CO,X2020.02.29,412370
Colorado,CO,X2020.03.31,413915
Colorado,CO,X2020.04.30,415515
Colorado,CO,X2020.05.31,417593
Colorado,CO,X2020.06.30,419669
Colorado,CO,X2020.07.31,422092
Colorado,CO,X2020.08.31,425026
Colorado,CO,X2020.09.30,428457
Colorado,CO,X2020.10.31,432519
Colorado,CO,X2020.11.30,436977
Colorado,CO,X2020.12.31,441675
Colorado,CO,X2021.01.31,446468
Colorado,CO,X2021.02.28,451870
Colorado,CO,X2021.03.31,458015
Alabama,AL,X2019.01.31,140424
Alabama,AL,X2019.02.28,140932
Alabama,AL,X2019.03.31,141475
Alabama,AL,X2019.04.30,141980
Alabama,AL,X2019.05.31,142498
Alabama,AL,X2019.06.30,143181
Alabama,AL,X2019.07.31,143892
Alabama,AL,X2019.08.31,144505
Alabama,AL,X2019.09.30,144951
Alabama,AL,X2019.10.31,145450
Alabama,AL,X2019.11.30,146066
Alabama,AL,X2019.12.31,146845
Alabama,AL,X2020.01.31,147618
Alabama,AL,X2020.02.29,148416
Alabama,AL,X2020.03.31,149248
Alabama,AL,X2020.04.30,150137
Alabama,AL,X2020.05.31,151085
Alabama,AL,X2020.06.30,151943
Alabama,AL,X2020.07.31,152826
Alabama,AL,X2020.08.31,153897
Alabama,AL,X2020.09.30,155204
Alabama,AL,X2020.10.31,156592
Alabama,AL,X2020.11.30,157965
Alabama,AL,X2020.12.31,159337
Alabama,AL,X2021.01.31,160779
Alabama,AL,X2021.02.28,162295
Alabama,AL,X2021.03.31,163900
South Carolina,SC,X2019.01.31,186297
South Carolina,SC,X2019.02.28,187074
South Carolina,SC,X2019.03.31,187601
South Carolina,SC,X2019.04.30,188182
South Carolina,SC,X2019.05.31,188670
South Carolina,SC,X2019.06.30,189326
South Carolina,SC,X2019.07.31,189989
South Carolina,SC,X2019.08.31,190668
South Carolina,SC,X2019.09.30,191242
South Carolina,SC,X2019.10.31,191799
South Carolina,SC,X2019.11.30,192344
South Carolina,SC,X2019.12.31,192967
South Carolina,SC,X2020.01.31,193615
South Carolina,SC,X2020.02.29,194244
South Carolina,SC,X2020.03.31,194996
South Carolina,SC,X2020.04.30,195778
South Carolina,SC,X2020.05.31,196876
South Carolina,SC,X2020.06.30,197961
South Carolina,SC,X2020.07.31,199141
South Carolina,SC,X2020.08.31,200397
South Carolina,SC,X2020.09.30,201865
South Carolina,SC,X2020.10.31,203525
South Carolina,SC,X2020.11.30,205300
South Carolina,SC,X2020.12.31,207135
South Carolina,SC,X2021.01.31,209042
South Carolina,SC,X2021.02.28,211163
South Carolina,SC,X2021.03.31,213450
Louisiana,LA,X2019.01.31,169164
Louisiana,LA,X2019.02.28,169156
Louisiana,LA,X2019.03.31,169256
Louisiana,LA,X2019.04.30,169425
Louisiana,LA,X2019.05.31,169860
Louisiana,LA,X2019.06.30,170292
Louisiana,LA,X2019.07.31,170713
Louisiana,LA,X2019.08.31,170816
Louisiana,LA,X2019.09.30,170919
Louisiana,LA,X2019.10.31,170932
Louisiana,LA,X2019.11.30,171127
Louisiana,LA,X2019.12.31,171707
Louisiana,LA,X2020.01.31,172346
Louisiana,LA,X2020.02.29,172860
Louisiana,LA,X2020.03.31,173220
Louisiana,LA,X2020.04.30,173723
Louisiana,LA,X2020.05.31,174171
Louisiana,LA,X2020.06.30,174599
Louisiana,LA,X2020.07.31,175123
Louisiana,LA,X2020.08.31,175861
Louisiana,LA,X2020.09.30,176711
Louisiana,LA,X2020.10.31,177637
Louisiana,LA,X2020.11.30,178590
Louisiana,LA,X2020.12.31,179322
Louisiana,LA,X2021.01.31,180087
Louisiana,LA,X2021.02.28,180932
Louisiana,LA,X2021.03.31,181984
Kentucky,KY,X2019.01.31,142117
Kentucky,KY,X2019.02.28,142847
Kentucky,KY,X2019.03.31,143477
Kentucky,KY,X2019.04.30,144098
Kentucky,KY,X2019.05.31,144893
Kentucky,KY,X2019.06.30,145724
Kentucky,KY,X2019.07.31,146502
Kentucky,KY,X2019.08.31,147077
Kentucky,KY,X2019.09.30,147623
Kentucky,KY,X2019.10.31,148109
Kentucky,KY,X2019.11.30,148504
Kentucky,KY,X2019.12.31,149012
Kentucky,KY,X2020.01.31,149634
Kentucky,KY,X2020.02.29,150258
Kentucky,KY,X2020.03.31,150860
Kentucky,KY,X2020.04.30,151431
Kentucky,KY,X2020.05.31,152075
Kentucky,KY,X2020.06.30,152687
Kentucky,KY,X2020.07.31,153372
Kentucky,KY,X2020.08.31,154355
Kentucky,KY,X2020.09.30,155457
Kentucky,KY,X2020.10.31,156714
Kentucky,KY,X2020.11.30,158171
Kentucky,KY,X2020.12.31,159563
Kentucky,KY,X2021.01.31,160874
Kentucky,KY,X2021.02.28,162198
Kentucky,KY,X2021.03.31,163721
Oregon,OR,X2019.01.31,358911
Oregon,OR,X2019.02.28,359749
Oregon,OR,X2019.03.31,359978
Oregon,OR,X2019.04.30,360194
Oregon,OR,X2019.05.31,360905
Oregon,OR,X2019.06.30,362336
Oregon,OR,X2019.07.31,363438
Oregon,OR,X2019.08.31,364436
Oregon,OR,X2019.09.30,364701
Oregon,OR,X2019.10.31,365598
Oregon,OR,X2019.11.30,366107
Oregon,OR,X2019.12.31,367344
Oregon,OR,X2020.01.31,368827
Oregon,OR,X2020.02.29,370542
Oregon,OR,X2020.03.31,372563
Oregon,OR,X2020.04.30,374450
Oregon,OR,X2020.05.31,376687
Oregon,OR,X2020.06.30,378658
Oregon,OR,X2020.07.31,381138
Oregon,OR,X2020.08.31,384189
Oregon,OR,X2020.09.30,388338
Oregon,OR,X2020.10.31,392490
Oregon,OR,X2020.11.30,397097
Oregon,OR,X2020.12.31,401436
Oregon,OR,X2021.01.31,405887
Oregon,OR,X2021.02.28,410813
Oregon,OR,X2021.03.31,416263
Oklahoma,OK,X2019.01.31,126360
Oklahoma,OK,X2019.02.28,126872
Oklahoma,OK,X2019.03.31,127306
Oklahoma,OK,X2019.04.30,127725
Oklahoma,OK,X2019.05.31,128078
Oklahoma,OK,X2019.06.30,128652
Oklahoma,OK,X2019.07.31,129308
Oklahoma,OK,X2019.08.31,129899
Oklahoma,OK,X2019.09.30,130401
Oklahoma,OK,X2019.10.31,130879
Oklahoma,OK,X2019.11.30,131464
Oklahoma,OK,X2019.12.31,132011
Oklahoma,OK,X2020.01.31,132738
Oklahoma,OK,X2020.02.29,133328
Oklahoma,OK,X2020.03.31,134014
Oklahoma,OK,X2020.04.30,134687
Oklahoma,OK,X2020.05.31,135434
Oklahoma,OK,X2020.06.30,136130
Oklahoma,OK,X2020.07.31,136815
Oklahoma,OK,X2020.08.31,137614
Oklahoma,OK,X2020.09.30,138502
Oklahoma,OK,X2020.10.31,139431
Oklahoma,OK,X2020.11.30,140359
Oklahoma,OK,X2020.12.31,141368
Oklahoma,OK,X2021.01.31,142353
Oklahoma,OK,X2021.02.28,143432
Oklahoma,OK,X2021.03.31,144546
Connecticut,CT,X2019.01.31,257920
Connecticut,CT,X2019.02.28,258461
Connecticut,CT,X2019.03.31,258814
Connecticut,CT,X2019.04.30,259538
Connecticut,CT,X2019.05.31,260241
Connecticut,CT,X2019.06.30,260645
Connecticut,CT,X2019.07.31,260684
Connecticut,CT,X2019.08.31,260280
Connecticut,CT,X2019.09.30,259829
Connecticut,CT,X2019.10.31,259463
Connecticut,CT,X2019.11.30,259339
Connecticut,CT,X2019.12.31,259513
Connecticut,CT,X2020.01.31,260459
Connecticut,CT,X2020.02.29,261103
Connecticut,CT,X2020.03.31,262124
Connecticut,CT,X2020.04.30,263048
Connecticut,CT,X2020.05.31,264344
Connecticut,CT,X2020.06.30,265890
Connecticut,CT,X2020.07.31,268122
Connecticut,CT,X2020.08.31,271000
Connecticut,CT,X2020.09.30,274479
Connecticut,CT,X2020.10.31,278244
Connecticut,CT,X2020.11.30,282319
Connecticut,CT,X2020.12.31,286349
Connecticut,CT,X2021.01.31,290483
Connecticut,CT,X2021.02.28,295158
Connecticut,CT,X2021.03.31,300135
Iowa,IA,X2019.01.31,148547
Iowa,IA,X2019.02.28,149116
Iowa,IA,X2019.03.31,149615
Iowa,IA,X2019.04.30,150018
Iowa,IA,X2019.05.31,150342
Iowa,IA,X2019.06.30,150791
Iowa,IA,X2019.07.31,151187
Iowa,IA,X2019.08.31,151719
Iowa,IA,X2019.09.30,152131
Iowa,IA,X2019.10.31,152594
Iowa,IA,X2019.11.30,152868
Iowa,IA,X2019.12.31,153223
Iowa,IA,X2020.01.31,153550
Iowa,IA,X2020.02.29,153658
Iowa,IA,X2020.03.31,153784
Iowa,IA,X2020.04.30,153924
Iowa,IA,X2020.05.31,154354
Iowa,IA,X2020.06.30,154737
Iowa,IA,X2020.07.31,155230
Iowa,IA,X2020.08.31,155645
Iowa,IA,X2020.09.30,156144
Iowa,IA,X2020.10.31,156683
Iowa,IA,X2020.11.30,157489
Iowa,IA,X2020.12.31,158285
Iowa,IA,X2021.01.31,159178
Iowa,IA,X2021.02.28,160290
Iowa,IA,X2021.03.31,161514
Mississippi,MS,X2019.01.31,123216
Mississippi,MS,X2019.02.28,123628
Mississippi,MS,X2019.03.31,124103
Mississippi,MS,X2019.04.30,124715
Mississippi,MS,X2019.05.31,125218
Mississippi,MS,X2019.06.30,125705
Mississippi,MS,X2019.07.31,126065
Mississippi,MS,X2019.08.31,126532
Mississippi,MS,X2019.09.30,126891
Mississippi,MS,X2019.10.31,127221
Mississippi,MS,X2019.11.30,127503
Mississippi,MS,X2019.12.31,127807
Mississippi,MS,X2020.01.31,128205
Mississippi,MS,X2020.02.29,128448
Mississippi,MS,X2020.03.31,128723
Mississippi,MS,X2020.04.30,128881
Mississippi,MS,X2020.05.31,129240
Mississippi,MS,X2020.06.30,129590
Mississippi,MS,X2020.07.31,130088
Mississippi,MS,X2020.08.31,130568
Mississippi,MS,X2020.09.30,131164
Mississippi,MS,X2020.10.31,131863
Mississippi,MS,X2020.11.30,132671
Mississippi,MS,X2020.12.31,133562
Mississippi,MS,X2021.01.31,134448
Mississippi,MS,X2021.02.28,135503
Mississippi,MS,X2021.03.31,136596
Arkansas,AR,X2019.01.31,127604
Arkansas,AR,X2019.02.28,128032
Arkansas,AR,X2019.03.31,128371
Arkansas,AR,X2019.04.30,128733
Arkansas,AR,X2019.05.31,129210
Arkansas,AR,X2019.06.30,129722
Arkansas,AR,X2019.07.31,130194
Arkansas,AR,X2019.08.31,130664
Arkansas,AR,X2019.09.30,131133
Arkansas,AR,X2019.10.31,131623
Arkansas,AR,X2019.11.30,131845
Arkansas,AR,X2019.12.31,132090
Arkansas,AR,X2020.01.31,132350
Arkansas,AR,X2020.02.29,132797
Arkansas,AR,X2020.03.31,133251
Arkansas,AR,X2020.04.30,133718
Arkansas,AR,X2020.05.31,134180
Arkansas,AR,X2020.06.30,134720
Arkansas,AR,X2020.07.31,135349
Arkansas,AR,X2020.08.31,136085
Arkansas,AR,X2020.09.30,136866
Arkansas,AR,X2020.10.31,137731
Arkansas,AR,X2020.11.30,138851
Arkansas,AR,X2020.12.31,140012
Arkansas,AR,X2021.01.31,141262
Arkansas,AR,X2021.02.28,142502
Arkansas,AR,X2021.03.31,143910
Kansas,KS,X2019.01.31,150464
Kansas,KS,X2019.02.28,150955
Kansas,KS,X2019.03.31,151474
Kansas,KS,X2019.04.30,151967
Kansas,KS,X2019.05.31,152514
Kansas,KS,X2019.06.30,153154
Kansas,KS,X2019.07.31,153860
Kansas,KS,X2019.08.31,154482
Kansas,KS,X2019.09.30,154990
Kansas,KS,X2019.10.31,155370
Kansas,KS,X2019.11.30,155502
Kansas,KS,X2019.12.31,155750
Kansas,KS,X2020.01.31,156147
Kansas,KS,X2020.02.29,156762
Kansas,KS,X2020.03.31,157454
Kansas,KS,X2020.04.30,158213
Kansas,KS,X2020.05.31,159060
Kansas,KS,X2020.06.30,159822
Kansas,KS,X2020.07.31,160675
Kansas,KS,X2020.08.31,161688
Kansas,KS,X2020.09.30,162831
Kansas,KS,X2020.10.31,164148
Kansas,KS,X2020.11.30,165696
Kansas,KS,X2020.12.31,167283
Kansas,KS,X2021.01.31,168838
Kansas,KS,X2021.02.28,170409
Kansas,KS,X2021.03.31,172053
Utah,UT,X2019.01.31,338069
Utah,UT,X2019.02.28,340127
Utah,UT,X2019.03.31,342014
Utah,UT,X2019.04.30,343132
Utah,UT,X2019.05.31,344285
Utah,UT,X2019.06.30,345973
Utah,UT,X2019.07.31,347595
Utah,UT,X2019.08.31,349277
Utah,UT,X2019.09.30,350713
Utah,UT,X2019.10.31,351612
Utah,UT,X2019.11.30,352762
Utah,UT,X2019.12.31,353505
Utah,UT,X2020.01.31,355912
Utah,UT,X2020.02.29,357674
Utah,UT,X2020.03.31,360260
Utah,UT,X2020.04.30,362345
Utah,UT,X2020.05.31,365534
Utah,UT,X2020.06.30,368674
Utah,UT,X2020.07.31,372199
Utah,UT,X2020.08.31,376177
Utah,UT,X2020.09.30,380746
Utah,UT,X2020.10.31,386101
Utah,UT,X2020.11.30,391670
Utah,UT,X2020.12.31,398165
Utah,UT,X2021.01.31,403798
Utah,UT,X2021.02.28,410717
Utah,UT,X2021.03.31,417724
Nevada,NV,X2019.01.31,305114
Nevada,NV,X2019.02.28,306362
Nevada,NV,X2019.03.31,306301
Nevada,NV,X2019.04.30,306602
Nevada,NV,X2019.05.31,307665
Nevada,NV,X2019.06.30,308867
Nevada,NV,X2019.07.31,308877
Nevada,NV,X2019.08.31,307641
Nevada,NV,X2019.09.30,306284
Nevada,NV,X2019.10.31,306407
Nevada,NV,X2019.11.30,307439
Nevada,NV,X2019.12.31,308294
Nevada,NV,X2020.01.31,309462
Nevada,NV,X2020.02.29,310444
Nevada,NV,X2020.03.31,312512
Nevada,NV,X2020.04.30,314330
Nevada,NV,X2020.05.31,315566
Nevada,NV,X2020.06.30,316187
Nevada,NV,X2020.07.31,317785
Nevada,NV,X2020.08.31,320674
Nevada,NV,X2020.09.30,324490
Nevada,NV,X2020.10.31,327574
Nevada,NV,X2020.11.30,330454
Nevada,NV,X2020.12.31,333174
Nevada,NV,X2021.01.31,336110
Nevada,NV,X2021.02.28,339372
Nevada,NV,X2021.03.31,342888
New Mexico,NM,X2019.01.31,196102
New Mexico,NM,X2019.02.28,196964
New Mexico,NM,X2019.03.31,197601
New Mexico,NM,X2019.04.30,198220
New Mexico,NM,X2019.05.31,199194
New Mexico,NM,X2019.06.30,200474
New Mexico,NM,X2019.07.31,201782
New Mexico,NM,X2019.08.31,202951
New Mexico,NM,X2019.09.30,203940
New Mexico,NM,X2019.10.31,204498
New Mexico,NM,X2019.11.30,204935
New Mexico,NM,X2019.12.31,205587
New Mexico,NM,X2020.01.31,206472
New Mexico,NM,X2020.02.29,207508
New Mexico,NM,X2020.03.31,208726
New Mexico,NM,X2020.04.30,210115
New Mexico,NM,X2020.05.31,211719
New Mexico,NM,X2020.06.30,213052
New Mexico,NM,X2020.07.31,214692
New Mexico,NM,X2020.08.31,216483
New Mexico,NM,X2020.09.30,218584
New Mexico,NM,X2020.10.31,220922
New Mexico,NM,X2020.11.30,223667
New Mexico,NM,X2020.12.31,226367
New Mexico,NM,X2021.01.31,229137
New Mexico,NM,X2021.02.28,232112
New Mexico,NM,X2021.03.31,235237
West Virginia,WV,X2019.01.31,105386
West Virginia,WV,X2019.02.28,105785
West Virginia,WV,X2019.03.31,106185
West Virginia,WV,X2019.04.30,106549
West Virginia,WV,X2019.05.31,106896
West Virginia,WV,X2019.06.30,107246
West Virginia,WV,X2019.07.31,107622
West Virginia,WV,X2019.08.31,108043
West Virginia,WV,X2019.09.30,108387
West Virginia,WV,X2019.10.31,108673
West Virginia,WV,X2019.11.30,108500
West Virginia,WV,X2019.12.31,108418
West Virginia,WV,X2020.01.31,108440
West Virginia,WV,X2020.02.29,108656
West Virginia,WV,X2020.03.31,108847
West Virginia,WV,X2020.04.30,109006
West Virginia,WV,X2020.05.31,109347
West Virginia,WV,X2020.06.30,109658
West Virginia,WV,X2020.07.31,109999
West Virginia,WV,X2020.08.31,110331
West Virginia,WV,X2020.09.30,110727
West Virginia,WV,X2020.10.31,111216
West Virginia,WV,X2020.11.30,112056
West Virginia,WV,X2020.12.31,112869
West Virginia,WV,X2021.01.31,113610
West Virginia,WV,X2021.02.28,114268
West Virginia,WV,X2021.03.31,115018
Nebraska,NE,X2019.01.31,173428
Nebraska,NE,X2019.02.28,174070
Nebraska,NE,X2019.03.31,174727
Nebraska,NE,X2019.04.30,175465
Nebraska,NE,X2019.05.31,176443
Nebraska,NE,X2019.06.30,177365
Nebraska,NE,X2019.07.31,178314
Nebraska,NE,X2019.08.31,179143
Nebraska,NE,X2019.09.30,179857
Nebraska,NE,X2019.10.31,180357
Nebraska,NE,X2019.11.30,180691
Nebraska,NE,X2019.12.31,181060
Nebraska,NE,X2020.01.31,181686
Nebraska,NE,X2020.02.29,182382
Nebraska,NE,X2020.03.31,183179
Nebraska,NE,X2020.04.30,183836
Nebraska,NE,X2020.05.31,184505
Nebraska,NE,X2020.06.30,185191
Nebraska,NE,X2020.07.31,186056
Nebraska,NE,X2020.08.31,187151
Nebraska,NE,X2020.09.30,188437
Nebraska,NE,X2020.10.31,189995
Nebraska,NE,X2020.11.30,191747
Nebraska,NE,X2020.12.31,193514
Nebraska,NE,X2021.01.31,195199
Nebraska,NE,X2021.02.28,197092
Nebraska,NE,X2021.03.31,199104
Idaho,ID,X2019.01.31,270500
Idaho,ID,X2019.02.28,272543
Idaho,ID,X2019.03.31,275076
Idaho,ID,X2019.04.30,277091
Idaho,ID,X2019.05.31,279469
Idaho,ID,X2019.06.30,281388
Idaho,ID,X2019.07.31,283746
Idaho,ID,X2019.08.31,286324
Idaho,ID,X2019.09.30,288975
Idaho,ID,X2019.10.31,291217
Idaho,ID,X2019.11.30,292636
Idaho,ID,X2019.12.31,294078
Idaho,ID,X2020.01.31,295649
Idaho,ID,X2020.02.29,298082
Idaho,ID,X2020.03.31,300648
Idaho,ID,X2020.04.30,303648
Idaho,ID,X2020.05.31,306577
Idaho,ID,X2020.06.30,309894
Idaho,ID,X2020.07.31,313318
Idaho,ID,X2020.08.31,317509
Idaho,ID,X2020.09.30,322393
Idaho,ID,X2020.10.31,328284
Idaho,ID,X2020.11.30,335282
Idaho,ID,X2020.12.31,343109
Idaho,ID,X2021.01.31,351470
Idaho,ID,X2021.02.28,360220
Idaho,ID,X2021.03.31,369495
Hawaii,HI,X2019.01.31,652924
Hawaii,HI,X2019.02.28,653895
Hawaii,HI,X2019.03.31,654961
Hawaii,HI,X2019.04.30,654402
Hawaii,HI,X2019.05.31,653601
Hawaii,HI,X2019.06.30,653330
Hawaii,HI,X2019.07.31,654777
Hawaii,HI,X2019.08.31,656171
Hawaii,HI,X2019.09.30,656634
Hawaii,HI,X2019.10.31,656720
Hawaii,HI,X2019.11.30,655847
Hawaii,HI,X2019.12.31,655336
Hawaii,HI,X2020.01.31,655151
Hawaii,HI,X2020.02.29,655595
Hawaii,HI,X2020.03.31,655865
Hawaii,HI,X2020.04.30,657261
Hawaii,HI,X2020.05.31,659215
Hawaii,HI,X2020.06.30,661436
Hawaii,HI,X2020.07.31,662465
Hawaii,HI,X2020.08.31,663717
Hawaii,HI,X2020.09.30,666425
Hawaii,HI,X2020.10.31,670187
Hawaii,HI,X2020.11.30,675301
Hawaii,HI,X2020.12.31,680661
Hawaii,HI,X2021.01.31,686194
Hawaii,HI,X2021.02.28,691714
Hawaii,HI,X2021.03.31,698029
Maine,ME,X2019.01.31,234839
Maine,ME,X2019.02.28,235083
Maine,ME,X2019.03.31,235134
Maine,ME,X2019.04.30,236016
Maine,ME,X2019.05.31,237154
Maine,ME,X2019.06.30,238849
Maine,ME,X2019.07.31,240377
Maine,ME,X2019.08.31,241450
Maine,ME,X2019.09.30,242439
Maine,ME,X2019.10.31,243497
Maine,ME,X2019.11.30,244811
Maine,ME,X2019.12.31,245960
Maine,ME,X2020.01.31,247640
Maine,ME,X2020.02.29,249489
Maine,ME,X2020.03.31,251567
Maine,ME,X2020.04.30,253535
Maine,ME,X2020.05.31,255188
Maine,ME,X2020.06.30,256639
Maine,ME,X2020.07.31,258303
Maine,ME,X2020.08.31,260765
Maine,ME,X2020.09.30,263753
Maine,ME,X2020.10.31,267105
Maine,ME,X2020.11.30,270531
Maine,ME,X2020.12.31,274290
Maine,ME,X2021.01.31,278111
Maine,ME,X2021.02.28,281976
Maine,ME,X2021.03.31,286106
New Hampshire,NH,X2019.01.31,286288
New Hampshire,NH,X2019.02.28,286994
New Hampshire,NH,X2019.03.31,287507
New Hampshire,NH,X2019.04.30,288090
New Hampshire,NH,X2019.05.31,289940
New Hampshire,NH,X2019.06.30,291937
New Hampshire,NH,X2019.07.31,293655
New Hampshire,NH,X2019.08.31,294133
New Hampshire,NH,X2019.09.30,294502
New Hampshire,NH,X2019.10.31,294886
New Hampshire,NH,X2019.11.30,295635
New Hampshire,NH,X2019.12.31,296304
New Hampshire,NH,X2020.01.31,297618
New Hampshire,NH,X2020.02.29,299315
New Hampshire,NH,X2020.03.31,301923
New Hampshire,NH,X2020.04.30,304264
New Hampshire,NH,X2020.05.31,306252
New Hampshire,NH,X2020.06.30,307865
New Hampshire,NH,X2020.07.31,310036
New Hampshire,NH,X2020.08.31,313266
New Hampshire,NH,X2020.09.30,317062
New Hampshire,NH,X2020.10.31,321180
New Hampshire,NH,X2020.11.30,325534
New Hampshire,NH,X2020.12.31,330141
New Hampshire,NH,X2021.01.31,334440
New Hampshire,NH,X2021.02.28,339028
New Hampshire,NH,X2021.03.31,343300
Rhode Island,RI,X2019.01.31,297528
Rhode Island,RI,X2019.02.28,297780
Rhode Island,RI,X2019.03.31,298505
Rhode Island,RI,X2019.04.30,299226
Rhode Island,RI,X2019.05.31,300170
Rhode Island,RI,X2019.06.30,301243
Rhode Island,RI,X2019.07.31,302927
Rhode Island,RI,X2019.08.31,303642
Rhode Island,RI,X2019.09.30,303915
Rhode Island,RI,X2019.10.31,304079
Rhode Island,RI,X2019.11.30,305217
Rhode Island,RI,X2019.12.31,306138
Rhode Island,RI,X2020.01.31,307101
Rhode Island,RI,X2020.02.29,308426
Rhode Island,RI,X2020.03.31,310182
Rhode Island,RI,X2020.04.30,312325
Rhode Island,RI,X2020.05.31,314463
Rhode Island,RI,X2020.06.30,316502
Rhode Island,RI,X2020.07.31,318364
Rhode Island,RI,X2020.08.31,321283
Rhode Island,RI,X2020.09.30,325152
Rhode Island,RI,X2020.10.31,329573
Rhode Island,RI,X2020.11.30,333755
Rhode Island,RI,X2020.12.31,338383
Rhode Island,RI,X2021.01.31,343377
Rhode Island,RI,X2021.02.28,348608
Rhode Island,RI,X2021.03.31,353754
Montana,MT,X2019.01.31,279918
Montana,MT,X2019.02.28,281294
Montana,MT,X2019.03.31,282682
Montana,MT,X2019.04.30,283880
Montana,MT,X2019.05.31,284833
Montana,MT,X2019.06.30,286234
Montana,MT,X2019.07.31,287366
Montana,MT,X2019.08.31,289258
Montana,MT,X2019.09.30,290616
Montana,MT,X2019.10.31,291754
Montana,MT,X2019.11.30,292521
Montana,MT,X2019.12.31,293363
Montana,MT,X2020.01.31,294897
Montana,MT,X2020.02.29,295891
Montana,MT,X2020.03.31,297178
Montana,MT,X2020.04.30,298239
Montana,MT,X2020.05.31,299962
Montana,MT,X2020.06.30,301435
Montana,MT,X2020.07.31,303464
Montana,MT,X2020.08.31,305590
Montana,MT,X2020.09.30,308405
Montana,MT,X2020.10.31,311800
Montana,MT,X2020.11.30,315619
Montana,MT,X2020.12.31,319988
Montana,MT,X2021.01.31,324069
Montana,MT,X2021.02.28,329005
Montana,MT,X2021.03.31,334168
Delaware,DE,X2019.01.31,259631
Delaware,DE,X2019.02.28,260319
Delaware,DE,X2019.03.31,260934
Delaware,DE,X2019.04.30,261000
Delaware,DE,X2019.05.31,260566
Delaware,DE,X2019.06.30,260119
Delaware,DE,X2019.07.31,259836
Delaware,DE,X2019.08.31,259971
Delaware,DE,X2019.09.30,259986
Delaware,DE,X2019.10.31,259665
Delaware,DE,X2019.11.30,259338
Delaware,DE,X2019.12.31,259493
Delaware,DE,X2020.01.31,259926
Delaware,DE,X2020.02.29,260847
Delaware,DE,X2020.03.31,261465
Delaware,DE,X2020.04.30,262742
Delaware,DE,X2020.05.31,264517
Delaware,DE,X2020.06.30,266776
Delaware,DE,X2020.07.31,269045
Delaware,DE,X2020.08.31,271161
Delaware,DE,X2020.09.30,273535
Delaware,DE,X2020.10.31,276322
Delaware,DE,X2020.11.30,279225
Delaware,DE,X2020.12.31,282012
Delaware,DE,X2021.01.31,284793
Delaware,DE,X2021.02.28,287637
Delaware,DE,X2021.03.31,290932
South Dakota,SD,X2019.01.31,209879
South Dakota,SD,X2019.02.28,210466
South Dakota,SD,X2019.03.31,210973
South Dakota,SD,X2019.04.30,211431
South Dakota,SD,X2019.05.31,212266
South Dakota,SD,X2019.06.30,213094
South Dakota,SD,X2019.07.31,213885
South Dakota,SD,X2019.08.31,214505
South Dakota,SD,X2019.09.30,215108
South Dakota,SD,X2019.10.31,215666
South Dakota,SD,X2019.11.30,216072
South Dakota,SD,X2019.12.31,216703
South Dakota,SD,X2020.01.31,217472
South Dakota,SD,X2020.02.29,218303
South Dakota,SD,X2020.03.31,218918
South Dakota,SD,X2020.04.30,219567
South Dakota,SD,X2020.05.31,220002
South Dakota,SD,X2020.06.30,220592
South Dakota,SD,X2020.07.31,221276
South Dakota,SD,X2020.08.31,222337
South Dakota,SD,X2020.09.30,223534
South Dakota,SD,X2020.10.31,224910
South Dakota,SD,X2020.11.30,226599
South Dakota,SD,X2020.12.31,228314
South Dakota,SD,X2021.01.31,230104
South Dakota,SD,X2021.02.28,232126
South Dakota,SD,X2021.03.31,234523
Alaska,AK,X2019.01.31,286775
Alaska,AK,X2019.02.28,289387
Alaska,AK,X2019.03.31,292745
Alaska,AK,X2019.04.30,297363
Alaska,AK,X2019.05.31,298388
Alaska,AK,X2019.06.30,299252
Alaska,AK,X2019.07.31,298809
Alaska,AK,X2019.08.31,299723
Alaska,AK,X2019.09.30,299500
Alaska,AK,X2019.10.31,295415
Alaska,AK,X2019.11.30,291359
Alaska,AK,X2019.12.31,287661
Alaska,AK,X2020.01.31,287897
Alaska,AK,X2020.02.29,286500
Alaska,AK,X2020.03.31,285405
Alaska,AK,X2020.04.30,282782
Alaska,AK,X2020.05.31,282079
Alaska,AK,X2020.06.30,281287
Alaska,AK,X2020.07.31,281338
Alaska,AK,X2020.08.31,280857
Alaska,AK,X2020.09.30,281037
Alaska,AK,X2020.10.31,283498
Alaska,AK,X2020.11.30,285927
Alaska,AK,X2020.12.31,288598
Alaska,AK,X2021.01.31,288986
Alaska,AK,X2021.02.28,289649
Alaska,AK,X2021.03.31,289971
North Dakota,ND,X2019.01.31,229320
North Dakota,ND,X2019.02.28,229722
North Dakota,ND,X2019.03.31,229833
North Dakota,ND,X2019.04.30,229954
North Dakota,ND,X2019.05.31,230178
North Dakota,ND,X2019.06.30,230735
North Dakota,ND,X2019.07.31,231350
North Dakota,ND,X2019.08.31,232125
North Dakota,ND,X2019.09.30,232907
North Dakota,ND,X2019.10.31,233430
North Dakota,ND,X2019.11.30,233505
North Dakota,ND,X2019.12.31,233514
North Dakota,ND,X2020.01.31,233585
North Dakota,ND,X2020.02.29,233770
North Dakota,ND,X2020.03.31,233996
North Dakota,ND,X2020.04.30,234355
North Dakota,ND,X2020.05.31,234708
North Dakota,ND,X2020.06.30,235045
North Dakota,ND,X2020.07.31,235299
North Dakota,ND,X2020.08.31,235498
North Dakota,ND,X2020.09.30,235801
North Dakota,ND,X2020.10.31,236504
North Dakota,ND,X2020.11.30,237672
North Dakota,ND,X2020.12.31,238917
North Dakota,ND,X2021.01.31,240054
North Dakota,ND,X2021.02.28,241282
North Dakota,ND,X2021.03.31,242661
Vermont,VT,X2019.01.31,252123
Vermont,VT,X2019.02.28,253189
Vermont,VT,X2019.03.31,254232
Vermont,VT,X2019.04.30,255133
Vermont,VT,X2019.05.31,255704
Vermont,VT,X2019.06.30,256653
Vermont,VT,X2019.07.31,257453
Vermont,VT,X2019.08.31,258690
Vermont,VT,X2019.09.30,259935
Vermont,VT,X2019.10.31,260611
Vermont,VT,X2019.11.30,260746
Vermont,VT,X2019.12.31,260719
Vermont,VT,X2020.01.31,261370
Vermont,VT,X2020.02.29,261645
Vermont,VT,X2020.03.31,262146
Vermont,VT,X2020.04.30,262579
Vermont,VT,X2020.05.31,263752
Vermont,VT,X2020.06.30,264795
Vermont,VT,X2020.07.31,265984
Vermont,VT,X2020.08.31,266988
Vermont,VT,X2020.09.30,267848
Vermont,VT,X2020.10.31,269562
Vermont,VT,X2020.11.30,272022
Vermont,VT,X2020.12.31,274905
Vermont,VT,X2021.01.31,277411
Vermont,VT,X2021.02.28,280255
Vermont,VT,X2021.03.31,283273
District of Columbia,DC,X2019.01.31,632802
District of Columbia,DC,X2019.02.28,632231
District of Columbia,DC,X2019.03.31,635572
District of Columbia,DC,X2019.04.30,637798
District of Columbia,DC,X2019.05.31,643302
District of Columbia,DC,X2019.06.30,645319
District of Columbia,DC,X2019.07.31,646521
District of Columbia,DC,X2019.08.31,646889
District of Columbia,DC,X2019.09.30,646792
District of Columbia,DC,X2019.10.31,647408
District of Columbia,DC,X2019.11.30,646264
District of Columbia,DC,X2019.12.31,647412
District of Columbia,DC,X2020.01.31,651114
District of Columbia,DC,X2020.02.29,655042
District of Columbia,DC,X2020.03.31,656389
District of Columbia,DC,X2020.04.30,657017
District of Columbia,DC,X2020.05.31,655512
District of Columbia,DC,X2020.06.30,655734
District of Columbia,DC,X2020.07.31,656499
District of Columbia,DC,X2020.08.31,659361
District of Columbia,DC,X2020.09.30,662691
District of Columbia,DC,X2020.10.31,665517
District of Columbia,DC,X2020.11.30,669767
District of Columbia,DC,X2020.12.31,672588
District of Columbia,DC,X2021.01.31,674063
District of Columbia,DC,X2021.02.28,675778
District of Columbia,DC,X2021.03.31,678707
Wyoming,WY,X2019.01.31,240428
Wyoming,WY,X2019.02.28,241251
Wyoming,WY,X2019.03.31,242582
Wyoming,WY,X2019.04.30,243959
Wyoming,WY,X2019.05.31,245739
Wyoming,WY,X2019.06.30,247231
Wyoming,WY,X2019.07.31,248811
Wyoming,WY,X2019.08.31,250140
Wyoming,WY,X2019.09.30,251462
Wyoming,WY,X2019.10.31,252599
Wyoming,WY,X2019.11.30,253200
Wyoming,WY,X2019.12.31,253946
Wyoming,WY,X2020.01.31,254742
Wyoming,WY,X2020.02.29,255559
Wyoming,WY,X2020.03.31,256183
Wyoming,WY,X2020.04.30,256619
Wyoming,WY,X2020.05.31,257165
Wyoming,WY,X2020.06.30,257651
Wyoming,WY,X2020.07.31,258141
Wyoming,WY,X2020.08.31,258856
Wyoming,WY,X2020.09.30,259550
Wyoming,WY,X2020.10.31,260431
Wyoming,WY,X2020.11.30,261709
Wyoming,WY,X2020.12.31,262925
Wyoming,WY,X2021.01.31,264030
Wyoming,WY,X2021.02.28,265131
Wyoming,WY,X2021.03.31,266224
United States,,X2019.01.31,239121
United States,,X2019.02.28,239903
United States,,X2019.03.31,240596
United States,,X2019.04.30,241264
United States,,X2019.05.31,242162
United States,,X2019.06.30,243177
United States,,X2019.07.31,244109
United States,,X2019.08.31,244787
United States,,X2019.09.30,245333
United States,,X2019.10.31,245860
United States,,X2019.11.30,246384
United States,,X2019.12.31,247035
United States,,X2020.01.31,247923
United States,,X2020.02.29,248973
United States,,X2020.03.31,250179
United States,,X2020.04.30,251417
United States,,X2020.05.31,252637
United States,,X2020.06.30,253894
United States,,X2020.07.31,255416
United States,,X2020.08.31,257374
United States,,X2020.09.30,259659
United States,,X2020.10.31,262169
United States,,X2020.11.30,264884
United States,,X2020.12.31,267696
United States,,X2021.01.31,270529
United States,,X2021.02.28,273521
United States,,X2021.03.31,276717
